{
	"credit": "Made with Blockbench",
	"ambientocclusion": false,
	"textures": {
		"3": "custom/redstone_portal_side_off",
		"4": "custom/redstone_portal_destination_top_off",
		"slab": "custom/smooth_stone"
	},
	"elements": [
		{
			"from": [1, 0, 1],
			"to": [15, 1, 15],
			"faces": {
				"north": {"uv": [0, 8, 16, 12], "texture": "#3", "cullface": "north"},
				"east": {"uv": [0, 4, 16, 8], "texture": "#3", "cullface": "east"},
				"south": {"uv": [0, 0, 16, 4], "texture": "#3", "cullface": "south"},
				"west": {"uv": [0, 12, 16, 16], "texture": "#3", "cullface": "west"},
				"up": {"uv": [1, 1, 15, 15], "texture": "#4"},
				"down": {"uv": [0, 0, 16, 16], "texture": "#slab", "cullface": "down"}
			}
		}
	],
	"display": {
		"thirdperson_righthand": {
			"rotation": [0, -43.25, 0],
			"scale": [0.3, 0.3, 0.3]
		},
		"thirdperson_lefthand": {
			"rotation": [0, -43.25, 0],
			"scale": [0.3, 0.3, 0.3]
		},
		"firstperson_righthand": {
			"rotation": [0, -43.25, 0],
			"translation": [-0.5, 0.25, 0.5],
			"scale": [0.4, 0.4, 0.4]
		},
		"firstperson_lefthand": {
			"rotation": [0, -43.25, 0],
			"scale": [0.5, 0.5, 0.5]
		},
		"ground": {
			"scale": [0.3, 0.3, 0.3]
		},
		"gui": {
			"rotation": [20, 45, 0],
			"scale": [0.6, 0.6, 0.6]
		},
		"fixed": {
			"rotation": [-90, 0, 0],
			"translation": [0, 0, -16],
			"scale": [2.01, 1.99, 2.01]
		}
	}
}