{
	"credit": "Made with Blockbench",
	"ambientocclusion": false,
	"textures": {
		"3": "custom/soul_plate_side",
		"4": "custom/soul_plate_top"
	},
	"elements": [
		{
			"from": [1, 0, 1],
			"to": [15, 1.1, 15],
			"faces": {
				"north": {"uv": [2, 11, 15, 15], "texture": "#3", "cullface": "north"},
				"east": {"uv": [2, 4, 15, 8], "texture": "#3", "cullface": "east"},
				"south": {"uv": [2, 0, 15, 4], "texture": "#3", "cullface": "south"},
				"west": {"uv": [2, 12, 15, 16], "texture": "#3", "cullface": "west"},
				"up": {"uv": [1, 1, 15, 15], "texture": "#4"},
				"down": {"uv": [3, 0, 15, 16], "texture": "#3", "cullface": "down"}
			}
		}
	],
	"display": {
		"thirdperson_righthand": {
			"rotation": [96, 43, 15],
			"translation": [0, 1.5, 3.75],
			"scale": [0.3, 0.3, 0.3]
		},
		"thirdperson_lefthand": {
			"rotation": [99, -44, -3],
			"translation": [0, 0, 3],
			"scale": [0.3, 0.3, 0.3]
		},
		"firstperson_righthand": {
			"rotation": [21, -59, 27],
			"translation": [-0.5, 4.5, 0.5],
			"scale": [0.45, 0.45, 0.45]
		},
		"firstperson_lefthand": {
			"rotation": [0, -46, 1],
			"translation": [0, 4.25, 0],
			"scale": [0.45, 0.45, 0.45]
		},
		"ground": {
			"scale": [0.3, 0.3, 0.3]
		},
		"gui": {
			"rotation": [20, 45, 0],
			"scale": [0.6, 0.6, 0.6]
		},
		"fixed": {
			"rotation": [-90, 0, 0],
			"translation": [0, 0, -16],
			"scale": [2.01, 2.01, 2.01]
		}
	}
}