{
    "type": "command",
    "pools": [
        {
            "rolls": 1,
            "entries": [
                {
                    "type": "item",
                    "name": "minecraft:glow_item_frame",
                    "functions": [
                        {
                            "function": "set_name",
                            "name": {
                                "text": "Redstone Portal - Destination"
                            },
                            "entity": "this"
                        },
                        {
                            "function": "set_lore",
                            "lore": [{
                                "score": {
                                    "objective": "rsp_key",
                                    "name": "RedstonePortal"
                                }
                            }],
                            "entity": "this"
                        },
                        {
                            "function": "set_nbt",
                            "tag": "{CustomModelData:90010}",
                            "entity": "this"
                        }
                    ]
                }
            ]
        }
    ]
}